x,y
171.7896794,28.44289404
237.6236514,26.8668842
158.5901828,88.28106857
219.703548,60.19684234
261.8771875,9.349094582
265.6517734,54.86588743
369.6485294,85.4241686
93.36818984,94.10462729
300.7694283,7.809370102
48.4987763,73.34678034
202.0471505,29.56836374
427.626712,82.10172084
200.9748473,8.618019576
105.3103403,14.44456574
35.25853907,5.802762092
389.9361076,43.9384839
24.09961407,80.68714107
864.8287481,44.2081232
395.613294,72.23998471
744.0550346,82.07047089
387.3248367,12.44783845
407.1201789,21.76935549
6.489884627,54.79938541
617.8450471,87.48730083
500.9343145,14.0022749
294.1484189,76.13884921
77.89159747,66.82836667
453.7629163,26.11782321
814.4574367,92.88736821
886.5563264,74.7085752
799.1744027,25.49557431
80.45281584,32.14481477
111.3061502,74.5958331
184.5942694,54.56603774
33.72445211,26.92025029
353.2643179,52.08251412
276.2750159,93.18676142
156.8773914,58.21286293
911.9861428,51.86845599
462.396478,59.14248687
244.1815947,6.374563618
368.7942834,9.446010078
682.6379735,87.19355193
16.68208189,9.349094582
733.1696551,18.34086612
184.6261489,10.95588335
358.3473422,7.881167164
458.3101018,94.10462729
14.29425884,95.78796339
310.1698041,92.16511317
762.1966402,48.75945616
770.229506,18.98100528
5.591667024,18.15293349
302.0972441,45.87489806
667.6141713,15.09149543
725.8872198,52.69264483
841.2165453,74.55408978
781.2457605,6.096623031
495.9983646,43.31980339
534.0383882,84.93905305
913.8462618,68.47177393
146.4042739,34.5009276
28.44377464,55.8551301
416.6439359,7.133779204
325.1483365,29.68235364
610.9960997,28.29740208
123.3082324,30.91907877
398.3514384,94.75272304
846.3537762,14.76699016
633.9989967,68.90534234
128.4651312,48.43513928
244.2430037,90.816919
666.7022588,58.18115819
491.0638723,65.34040619
600.6660877,59.47044695
911.4081773,30.65047427
340.9640828,9.691712554
800.4541477,61.98923415
58.1623431,13.0693325
105.05759,47.44370979
366.3332598,25.99969731
183.8107725,79.11026309
132.2673015,85.8257779
44.55273344,2.671128891
261.9201572,26.52549607
775.3474312,82.99387464
588.4467935,9.172428212
220.2686782,7.5918227
619.2675402,53.47089604
562.7442334,89.79580497
911.4081773,87.89172552
510.7921963,65.26299132
820.9471077,7.5918227
426.6297062,40.56543838
283.3353479,23.07659464
688.4185492,6.374563618
410.4975059,61.52040894
861.848859,94.67642882
3.834602232,98.58269888
475.2461348,30.0612865
134.3908671,10.79736466
631.5748998,8.424073216
172.9804021,4.383875961
452.2268762,5.802762092
710.7765951,80.41659873
332.4259499,94.60131767
9.099859918,69.38148312
758.7492201,6.096623031
61.28339436,94.10462729
569.8849439,67.88575074
157.1983816,8.234991656
529.0737919,10.33948388
559.4454667,16.74912958
54.84900174,44.31762849
322.3686949,68.68815181
592.1959261,83.88537209
27.04316713,2.169476888
11.33948388,34.92709485
81.58399163,6.638921213
116.6388089,96.09531495
653.0025898,32.28217725
697.5267495,33.64916991
435.294469,13.05224295
470.9943813,9.349094582
545.1382006,49.99758133
705.9196553,7.133779204
347.9756748,26.77034223
882.1320135,14.22536804
520.8414667,32.85756289
344.9415344,77.5411596
205.9378419,92.61650492
496.9954203,89.30445776
134.7016633,66.01562944
238.7308312,47.21196071
829.7519329,43.65232866
319.522775,7.5918227
581.0441574,42.26008454
475.0326457,83.8109188
909.4778828,9.522117172
38.8634494,90.77011736
794.3621647,98.66443555
5.788200698,83.94864609
368.6391072,4.788200698
148.339353,19.20691187
6.951854708,160.7739687
907.9088699,191.1082281
657.964485,150.8418444
175.524753,156.8888413
886.2951179,133.5740624
224.4877922,146.536967
48.30144689,128.3040357
572.8131443,142.1860362
716.085419,129.6740201
324.3258032,133.0694984
131.0655883,181.9687017
77.18839459,117.1934351
102.0565013,125.3546221
280.6094914,110.3666336
464.609444,134.9773922
299.8488677,110.8994959
555.0512113,120.3799732
295.163645,162.6937569
715.5618174,107.5918227
456.8322861,176.6801721
738.0574242,112.0582515
487.4915428,189.9057023
123.9488282,145.942467
632.5541466,160.9173425
12.79074542,122.7465799
138.8839826,106.3745636
424.6893985,176.3976925
598.6360276,111.5164638
497.8980935,142.3835874
157.936129,127.4045734
654.4121874,112.7003842
359.8903206,132.6476374
371.5355603,112.346042
151.3291264,159.2506038
876.1249602,186.3534066
345.6980356,193.4674349
770.7330911,116.933823
686.4259161,183.8760989
778.7530085,153.2971039
103.4031665,190.8103217
497.7111037,118.548586
393.7502659,190.4937745
839.2666017,191.9602665
908.6605161,110.3394839
97.63988054,155.8715887
607.7964937,194.2417681
5.788200698,185.5926891
804.5558549,128.8449768
403.8413904,167.9528907
611.9612433,141.0561433
381.8535617,139.8958645
519.567845,156.5692519
368.423538,186.6732991
489.8837781,165.2271519
410.1520255,138.6231662
726.7669878,188.1728367
266.9410374,109.6056456
162.8480022,176.979766
614.7301021,171.1425115
693.5556484,111.7907454
268.0262228,151.6733305
717.2417124,158.7099876
758.7272796,181.8769198
351.602462,109.3490946
226.7204525,188.8830736
434.7224597,129.031636
189.439399,116.634402
382.8744595,103.7117365
251.726637,129.2043115
85.285097,139.2128692
349.706283,162.9070581
530.0073743,194.9893063
383.1570168,178.4009893
391.9316567,119.4827032
102.8389626,141.0727605
246.1354584,156.5121674
379.780839,161.426183
223.1139786,118.4317774
78.79011628,178.8927153
123.9287424,117.6714271
317.9939007,106.0403735
30.54383282,107.8093701
196.357663,140.3011423
394.8790974,150.8640812
446.5177463,113.410323
775.870894,194.1624486
545.9254476,159.558787
800.9981802,185.9524289
515.7904526,105.1537382
202.0847873,169.0569528
430.8825704,191.6287397
531.2096572,174.8747114
223.374082,166.3089704
516.6504762,116.4087529
477.6875562,108.3320824
283.9004024,132.2900248
521.6098834,134.108564
42.39394567,175.3095617
572.9476525,110.4945539
509.3199086,181.2324481
431.8312676,152.2963615
158.1187693,194.8163452
542.521272,137.1193044
887.2641837,107.8093701
626.1336092,111.7907454
62.53175387,153.3455693
23.47328188,148.5501819
235.9743654,168.0290563
321.8470744,162.0807119
744.6233828,142.6879897
548.9829911,182.6184304
4.056060011,174.1365325
105.0227733,173.7803679
869.8643045,116.8253825
320.1891294,185.6664254
839.8130297,118.3323065
417.0574972,112.8190893
565.2280404,171.781658
290.1618285,191.7745328
261.15349,180.2588306
828.1024083,156.6587721
588.9645344,173.1739764
536.2072493,115.2232344
902.9150456,160.4227642
640.7072374,185.5228941
414.4139754,191.8049396
187.1161298,190.9942391
863.2979057,152.3421476
691.3229553,145.2024305
19.90318024,190.534687
910.0081223,132.0115312
58.42653899,196.2040886
15.4402197,173.5960818
570.2951383,194.2417681
674.4304754,126.4920573
175.0230145,104.9751297
170.4897939,190.0528005
178.887547,175.3804447
81.0370583,154.2088004
912.1084883,229.3828839
462.3364808,228.9349328
62.5824129,283.919685
817.681211,227.0154059
113.0873914,209.6917126
343.5317799,291.1159645
744.1600313,216.5703028
365.3630914,234.0505771
763.00761,249.8750794
911.9861428,294.3282701
445.108754,208.8071749
145.6618937,257.5941801
740.6835753,282.7508933
860.3915108,222.6960554
198.7160746,208.1502869
117.349931,258.2032708
527.8087234,240.6729411
9.224952228,208.2249522
650.1496604,292.9231812
530.6317712,272.065537
7.891511713,256.7495531
462.863118,207.1871168
794.9229177,254.9503524
379.8726402,206.6389212
594.5159042,242.1156581
233.9070781,250.8844096
389.79758,219.9967124
688.4073022,228.9870257
900.0100539,248.2175929
823.4505901,277.5893153
298.5920234,275.3596896
247.3157344,215.2882519
576.8400335,300.4700653
695.5842698,264.8350057
862.6152169,259.7287111
307.4667954,213.6604541
40.63971278,205.4898846
707.8109066,290.3840956
453.4289171,256.9785222
676.520211,289.6544649
657.6936534,212.1995254
599.291475,291.7426397
10.52211717,279.0809518
428.7783709,293.2346362
376.6676882,296.8611713
892.5491858,223.4384406
391.3008833,268.9483807
576.9440897,225.6227088
551.5681844,223.1968879
420.3210152,261.7153538
94.2456093,266.6775066
327.2910561,302.6058997
502.6548353,286.4844162
171.7225666,251.732659
548.7547894,205.6489328
244.2257288,285.4779785
118.8377026,234.8943313
425.0798976,207.5918227
656.0355968,242.2091981
601.2930754,219.3637251
669.2692321,263.4101707
201.2904709,292.7930087
642.9097714,268.4111465
483.2582624,298.3765894
724.7696376,247.0853947
46.04221189,224.7523054
268.5112497,266.1448206
548.6718057,296.8611713
562.0543722,268.4327125
507.9157396,263.4502839
86.5829652,285.1647455
25.63290263,207.2700999
172.7606314,210.3394839
315.7714745,233.9097791
24.80860488,245.5367723
577.6546454,250.0238344
322.8623076,275.9116601
482.3993617,211.1919127
257.6331587,300.7133912
184.4444499,300.6513461
196.9892226,236.1385111
519.5262649,298.9949524
218.7451395,215.6172354
186.3775461,269.1585837
892.1156606,278.1082996
346.4422571,214.1560848
120.601054,278.9722719
362.7654384,207.5918227
71.22617072,247.4113695
330.314252,223.9111254
6.802762092,240.8825943
16.10711097,224.2043861
610.9790493,236.5049082
265.0095333,237.5021847
330.1714003,206.4313481
610.7524042,262.7144269
362.7280886,267.3589004
626.9127614,291.6776792
386.1207112,247.4476844
315.8652317,293.8839103
589.6709277,206.6389212
404.7372656,237.4075776
388.4199754,233.2146549
578.8658323,283.2882428
406.8805145,285.7528704
95.56825868,241.9100508
278.3472648,214.6865388
584.8499977,266.605522
135.8673494,296.6013686
82.64512834,216.7491296
294.3664167,243.7969064
912.903377,265.0794115
631.3302208,243.9763658
861.1362742,294.8230034
433.358945,231.7192105
161.207557,289.7835647
562.3874064,211.3338533
118.1622719,301.2797993
206.4502999,258.4375454
33.65019314,275.5811976
7.585140278,298.7271021
627.1444318,216.9553683
780.7180092,285.1324953
405.3672044,208.3962007
778.71209,216.5958361
400.4487624,299.5809294
18.51731736,262.9233955
557.3820673,243.273987
491.0057673,239.0145776
481.3294271,269.4732938
277.1512337,294.8219287
298.4382775,296.47128
166.4228173,234.4506953
438.3360544,274.8899802
46.03608849,255.8960671
534.3944556,213.3242057
212.9154699,274.2952078
143.7539623,215.7404246
222.1503216,293.1912223
30.15278848,298.6498079
894.8424826,204.591667
334.4871188,250.727018
99.85434992,293.2039304
509.2996957,213.0693325
912.6254364,212.0049577
915.0750532,279.1704595
457.5580541,289.2538277
81.62137183,301.8127182
4.380571956,289.8148542
81.67265852,397.8873682
687.8971344,388.7894686
98.51990344,322.0358766
753.3963085,353.5201741
647.081255,325.8259818
223.7439991,387.0503007
515.9462057,394.1987038
855.0991506,336.5786214
702.7163423,348.9923589
591.161694,319.9659977
129.2157429,321.6207021
540.4346502,385.789527
389.4746542,354.6901082
183.9239544,391.0491608
389.1460127,384.9810314
263.0287231,334.4120872
231.7648581,343.4280933
614.2748918,333.9000828
97.72458367,371.7810838
280.9618798,317.6371556
49.35801689,359.3060411
905.3395459,338.8909143
160.1761426,312.9409234
616.5423619,313.6180196
818.9647182,320.082056
68.76854047,320.2600904
319.6179285,332.3689714
728.9283967,387.165198
528.14714,319.1485476
294.5357513,341.2958062
116.6207575,393.3636569
830.8935802,366.5538543
772.8910699,383.7881434
9.618019576,342.065394
591.8693895,401.8127182
806.8989814,392.2710301
260.1922465,352.6222669
887.2289532,318.544451
471.6009928,322.4852095
337.0801781,390.1712193
343.6887982,361.2351568
438.7015987,374.4766528
37.20502733,331.0103438
561.6053459,325.1769823
321.9601123,319.3411211
586.306774,371.7251055
412.5803835,324.7205859
248.0601839,315.5501754
418.3548493,394.9830519
263.4967209,386.6587231
72.09391646,373.8213237
436.5425046,395.2881322
251.6177031,364.997295
32.9428139,378.2897205
349.2566999,318.042739
681.7737003,318.3814084
367.5343215,320.161803
107.4987793,347.5042093
577.2723927,340.9577059
624.7227593,365.494155
603.6742591,392.4250969
303.218121,376.1716549
219.7768207,359.8380558
337.1543883,337.3689782
501.2969407,318.0693325
16.61868027,392.8284446
227.1289152,314.5221172
767.0087139,322.2219786
877.4556402,394.6238054
57.38840008,340.3402719
266.3608499,312.6513656
136.6632838,354.2947198
705.0678263,313.9331917
911.0844067,312.9155933
647.5461488,391.2029736
195.3482691,326.7240648
495.8132732,390.0365307
78.30565096,347.0467027
120.6045178,337.3272481
167.7078412,322.7572991
516.6159798,344.7141925
464.7879381,395.2510435
11.33948388,371.6633955
170.7153606,335.3047377
664.553173,361.9640874
11.64714236,318.6567047
382.5135108,330.2599853
524.8715873,368.2448963
330.473789,320.9471401
791.4140927,314.2200541
447.0188406,344.4656259
273.4017347,362.3486489
507.3534592,370.6602939
113.5051792,403.3403796
146.9601536,311.096623
194.1146024,374.3321473
402.0352751,400.7754856
284.3537611,394.8283527
304.2452102,400.9898905
366.7390912,398.8150211
796.1094538,351.721355
857.4928137,371.3418488
53.9936798,388.9612462
483.1112457,354.518742
4.380571956,397.8123229
541.2744372,336.1329991
571.1265287,398.169773
361.3011045,342.4091952
445.4093555,315.3394839
596.3059374,345.7147953
734.1725031,321.8417447
172.5412199,360.3074966
534.4371209,359.3418346
25.73975056,355.1094668
203.4208807,356.4146345
458.9984458,369.8755483
155.4781404,335.3640141
563.9805109,379.6865176
119.3327856,373.6985028
305.3401723,314.5221172
902.7223427,371.3446817
422.7588195,352.1824221
149.6100886,389.3048482
843.2893811,395.8477735
557.9054668,356.9826726
51.20688482,311.8915117
129.8801419,376.0662098
321.5347684,352.9299811
3.169476888,355.9395162
173.2077494,310.9892192
365.1580338,372.4567374
413.2416764,373.1248867
32.56985839,397.4125827
387.2972255,316.5755441
211.6206258,309.383876
4.924946767,386.642835
665.0200444,394.3737984
756.5541942,401.6805394
150.4165703,321.9513354
872.2347159,499.0504064
566.7944442,441.8017304
69.57308263,506.0666171
912.1084883,411.8915117
624.8710223,474.9665183
464.5836474,494.9592817
241.4194461,510.6909902
574.4470778,511.4331104
169.2791613,501.8070983
905.3395459,499.0441755
262.1657811,487.5012004
237.3562344,426.9071696
367.9412648,446.722055
401.3946532,443.2588263
850.598983,466.9140646
401.7831872,496.1553339
126.6306052,507.9956636
442.5547686,418.0292143
526.0137446,418.0693325
309.3014323,434.3911775
728.166404,492.3277455
831.5223835,501.9212631
315.084162,504.043112
536.6542516,443.3341036
641.1942487,422.3864746
774.3075047,504.9462619
11.64714236,509.6764288
327.4049225,453.5810947
550.4247518,508.5480169
465.7766809,423.8190829
299.4376383,468.1295885
87.36697293,481.6267727
704.9323352,423.9557769
200.5852799,482.6711787
524.3834591,468.5803002
750.9677461,455.6593447
600.7977166,479.4324482
670.5760671,430.4633234
481.9380671,445.409667
6.951854708,410.9518547
586.1712629,422.2193424
383.1511969,508.2633146
778.6351544,426.9351637
36.96925192,409.0228131
345.194188,496.3126973
509.9439641,509.1466351
909.4778828,449.1924037
569.563496,486.9778305
581.3672128,463.1313057
11.89992063,424.9496969
511.0428651,442.1693407
9.224952228,444.3597045
56.03004913,417.4478385
227.9930712,498.5764117
12.09383288,488.9211197
170.6815807,428.3556916
494.0408152,420.4915226
803.0668419,469.6266278
609.5510407,446.6175175
474.5267999,467.5244513
20.0806777,468.9928719
100.7244274,508.9708743
94.64686743,452.4115414
133.1512706,454.255703
32.33297427,484.7288423
453.0237067,447.2844596
684.765212,464.9188021
890.0316349,441.4598052
460.5733535,511.9516885
113.640919,433.848275
864.0333175,427.0426481
166.6460679,469.9783146
893.8092955,418.6982673
823.9817961,428.0468977
284.1001716,418.0693325
741.7044217,421.6475585
208.5588517,444.2103442
911.4081773,428.6345299
259.361888,413.4240732
235.0979075,458.8526943
426.1734517,440.9707468
507.0030391,485.0536479
339.834627,512.6058997
542.3435967,485.2235415
58.82871601,445.658154
6.325047187,460.6556276
589.2848691,497.6924172
285.7637894,509.7083282
483.4168899,509.4544349
146.8485017,511.2040886
913.8462618,477.0313392
452.4908194,476.6411603
325.4784199,416.1130903
29.07359526,448.4700424
5.788200698,475.707557
552.4175361,464.5009758
615.5707791,507.1043967
188.4514143,458.1259013
113.7892318,484.6647215
142.6386231,487.9691125
33.24997949,425.8056724
552.4733152,418.6100556
415.3905337,418.4125054
365.682688,509.8302581
499.8134949,462.2002676
198.6577078,419.7193961
195.2418703,409.7882007
530.8259545,512.098619
101.0210541,418.2543914
324.6412688,478.2429954
355.1121156,418.7323405
371.057037,483.1835947
685.194292,506.8075679
423.4377376,468.0516355
649.846399,492.7583495
131.7281474,419.4317792
232.6613555,483.4960686
644.939746,456.6312318
890.2295402,469.9215003
266.4604238,447.4453462
193.0572733,510.6909902
21.263323,411.3745636
484.3426437,487.5959976
473.0785488,410.801749
768.3610425,475.3852506
62.60915821,476.9949732
344.9539294,470.4427461
436.7547407,502.4626184
53.46674149,513.9152616
39.95036325,466.7907832
609.7701058,415.3394839
264.2981635,421.6546273
215.4053905,510.6909902
591.6752766,511.6805394
523.3138066,494.0190218
79.03050016,426.9088804
244.0355067,407.8346022
393.6239411,466.7090891
37.34951369,508.4653338
318.9295015,408.7201035
338.151867,433.1420955
269.7271658,512.4398384
222.4805051,474.0558339
198.475043,428.7459599
214.9258777,418.9840997
668.9983193,413.1233169
386.6559933,417.4478385
719.0328431,455.0539176
733.8178717,440.3215821
519.2879963,596.7892554
61.80292886,534.0808493
198.61618,610.8141608
760.6168879,556.2567028
86.99115835,528.2116155
262.7197351,567.7856108
856.4661747,536.5825877
433.1641894,523.9381875
792.9173103,610.3851876
674.7614476,574.1946993
655.7334775,609.0324181
322.1390669,572.9835557
332.201873,531.7774992
351.8388702,523.1450295
571.2797226,587.0426325
6.802762092,589.1882818
248.0255683,618.6124878
387.7575222,614.8302581
111.9599334,538.9206486
689.2944206,543.5149437
57.88512914,564.8840426
476.9507868,537.3041514
138.7643157,530.6044614
4.056060011,525.9988541
255.9987081,602.0620825
31.0594008,554.3736019
400.7383142,552.0550302
762.4866876,614.9090965
894.9306513,597.4479233
820.9108037,571.6128002
366.83203,604.9832407
349.3726339,616.5542441
480.981174,569.0469339
500.0378565,616.8127182
617.7123234,603.6005794
116.1490394,609.902888
85.00043763,549.36315
4.056060011,618.47197
296.9740918,543.0633569
204.0359769,586.6944579
511.0754263,568.556065
746.6977588,530.765921
181.8412664,543.8897643
157.0438452,579.6628033
438.9709181,581.3734379
135.5785324,560.7215033
35.84647506,612.1551915
478.4397988,616.2040886
724.8371291,568.0109017
95.52744765,611.5089862
227.9195475,531.3051553
457.1308021,549.4640008
697.0164351,601.6118628
506.2235653,540.0743912
178.7298126,612.7745052
180.863437,592.7026963
349.1269409,583.8911607
9.618019576,540.0747909
311.0755702,606.6066768
389.7580101,585.6587029
293.2807121,581.5760099
223.8220725,604.0576898
434.9510412,612.6618586
134.1811248,596.6746487
786.3861018,543.2446128
22.33316777,593.0739909
391.4682598,524.5221172
540.5260637,534.7062727
897.9213958,557.8133148
78.21706976,565.791664
167.3918849,528.4640378
592.5890941,603.421044
448.9969676,527.8910669
655.1044943,531.2776573
369.3461608,538.4431713
909.3926694,525.4949398
283.6075155,606.4685113
708.5733119,522.343966
608.1992783,552.3003022
368.5645074,566.0760857
814.878377,529.5599573
537.4295742,567.0559067
625.2944563,535.7551852
345.0997828,555.9966026
21.36325392,573.6662345
589.197503,536.8717567
411.7948249,607.4682355
854.9464226,602.6249795
459.7548499,608.1861324
68.05379031,600.6728042
414.7591787,525.6471424
637.3593298,567.9435978
889.8927178,527.0582515
576.1326837,615.6909902
865.2639876,571.8139198
204.1963745,517.0416182
825.7373425,610.1421679
11.33948388,609.7637459
161.0609346,552.8877461
21.96931668,526.6439774
40.17743668,587.524884
336.2480707,604.5083897
233.1680213,577.6864411
6.424679749,566.5449694
206.2108055,533.168758
103.4824714,578.768878
733.7486179,608.9633222
565.7792776,554.9512552
152.5902941,536.9076532
544.8345745,589.7384917
909.4778828,615.2389414
39.77159262,534.7520526
879.5840228,614.9893063
464.6522902,525.7440323
3.754726102,578.0852171
722.1129591,535.3286654
181.5313355,567.5840366
272.982942,589.6550727
761.8283251,587.8744056
195.3040338,544.6213597
257.1674865,532.6773752
601.6938106,577.5340339
236.8161271,553.0608064
467.8719126,592.1305062
209.7062495,560.0530928
490.0618699,598.5647761
158.8875024,606.2726706
431.572816,544.5821573
566.3040433,528.4673073
14.35202983,556.4600775
67.08814231,546.8429305
549.7301037,612.8873682
4.056060011,553.5321841
417.0023769,699.5732752
73.46084098,665.5343463
179.7514664,718.3837824
689.5901464,657.1125483
466.6819907,721.8492931
751.3381534,694.3926134
812.656094,677.4737184
310.1472468,727.098619
590.1745236,693.3335075
546.6258975,661.9640596
4.380571956,652.9113524
597.3506481,724.8302581
65.1417338,716.3152633
726.6019951,720.8718603
447.9244861,663.0978242
684.3034304,719.9462619
86.35454997,681.6621576
23.71405183,662.0364901
891.8101747,696.1951676
517.4168487,724.8302581
109.6059849,662.4428744
195.3083996,641.2682299
308.4758921,625.6105269
650.9717445,648.9205647
257.2141806,715.3931782
250.3711866,663.3811879
646.0873107,715.645087
384.5632237,638.8485019
817.9039425,635.1907839
394.6066801,670.9209775
215.6732363,631.0911301
79.41395822,632.4478385
762.6256727,720.2874622
729.1112873,677.2843913
439.1050964,725.6909902
320.5918946,695.7702828
914.0985783,646.6183311
782.7944148,644.239117
871.2527627,720.9887843
629.6146342,677.4014407
158.4407481,680.6661835
188.2142282,663.5409856
484.5113559,648.5058739
209.6398658,724.1046273
568.5729981,683.9502895
105.3099136,720.8626872
490.8515812,695.302231
135.8052572,631.0911301
150.9012783,718.3275278
602.7029384,674.0068607
707.9912093,691.4480273
624.0497114,726.4331104
97.77100815,700.3983346
85.59955459,654.5175817
182.9620677,689.7101527
551.856882,695.9406264
439.0522445,713.1550727
712.2812458,630.3394839
446.4275295,690.3771332
907.2092546,720.2437453
467.2129112,697.254116
122.6938576,643.9721801
317.4434024,654.2128652
399.2384983,647.2333527
11.64072365,714.4017807
371.4050519,677.4443309
37.25690921,688.845655
421.6199908,648.3793776
55.31573254,652.2153211
604.8954632,626.8915117
361.3388335,656.0265176
853.3672877,644.7998947
732.3610924,636.6010709
330.887855,628.6180196
524.2030032,635.2882519
910.6123765,659.9926865
424.5345195,674.345898
156.2322424,638.7461943
68.91483002,681.6412182
52.48130062,674.597111
167.8164214,625.8027621
175.7199403,640.6501066
6.802762092,727.098619
290.321746,631.0911301
569.6923277,717.2252685
774.1286178,683.3393398
237.4760381,627.6468729
128.2502612,725.6909902
912.7904351,699.5941264
35.84244011,636.3638613
751.8485019,658.5835803
29.04075479,726.0422033
218.1183315,659.4367976
324.4911794,724.1046273
378.2633887,696.4368706
546.5795806,636.6778815
910.4977499,679.0790828
161.4528994,702.4625541
127.7580106,695.272104
359.1440678,689.3710089
723.4352693,657.3619015
777.3753735,666.4430522
140.9111162,656.9701881
792.4073783,720.9570737
95.96552271,645.4558925
229.1500423,688.4917619
380.455148,724.6764288
352.6853503,714.4134423
345.1046887,635.0201451
421.1777433,722.4132001
886.6225118,665.681638
233.9533929,725.9898905
614.0771744,707.8707668
342.3250681,675.5185173
261.3506228,633.6604541
21.33718826,626.3745636
342.7265901,694.1332651
448.4590657,634.2252636
625.5225683,654.1921546
424.0288155,626.3745636
237.3863156,641.9599127
538.9121055,715.4596147
153.1909731,624.383876
859.0595786,687.1001793
109.4485053,631.0911301
29.68691547,707.690013
468.9257163,678.138278
536.5366321,688.1844865
516.0432598,673.8868637
294.0057723,720.8590269
5.25291659,661.6618444
405.5087894,629.8471186
606.5255381,651.7162635
589.4506267,634.2110886
495.0089447,722.1405701
252.7157658,689.779175
564.8831579,637.0839538
3.39136883,706.0599094
116.8665339,729.051754
663.8591419,687.5133346
395.2243785,709.4666848
898.3912612,638.116447
226.1448965,711.5845838
166.2475595,656.9618487
9.618019576,639.0310605
283.7070182,682.6734353
520.1186335,700.6725379
205.4509474,680.2732754
204.9125091,701.7844035
625.7284105,632.082679
280.2477397,650.9968744
402.6761836,725.9383416
54.27026392,629.5221172
468.8190968,624.3045004
185.3522834,626.7027018
6.153738201,673.9713248
507.2336827,712.416849
359.5744687,678.25721
778.0086336,696.6000398
837.1746339,715.8247857
12.09113014,692.0783507
364.7087703,628.6180196
5.069741385,716.0814305
580.3623749,661.0005844
381.2446104,652.6075464
441.1596415,758.0682959
176.8939674,756.9565338
526.9413695,815.452354
344.9873897,805.2037005
863.9853687,820.5390877
695.9342206,794.3072751
830.7002421,808.3827739
209.5423057,814.982293
188.6463479,820.2700209
748.7886044,771.5782126
644.5905532,800.3655126
545.2753429,751.9351637
379.5786066,764.3694056
819.395838,736.096623
7.374563618,826.8127182
423.338381,824.8302581
492.3069863,805.8220293
25.39865466,802.8012438
17.28173346,742.7935129
912.1084883,742.0517274
427.0158757,788.317223
497.4289066,757.2763003
803.6394414,771.3008943
88.37523671,781.9204278
589.2606005,824.9970421
247.399724,739.7616494
835.0145605,826.0422033
735.3503816,818.9975149
73.40851863,764.5404715
751.8940286,738.6180196
913.7086727,827.3543364
719.7766337,788.92286
112.1541687,773.0626456
248.5745058,760.9537998
891.5779192,737.5918227
388.5290929,808.7063313
454.2620483,821.8611713
257.2117663,815.730316
275.1735803,789.2931843
586.0294667,795.6715355
290.3897183,767.1522515
82.57353564,818.6830115
148.7176771,760.964907
297.821426,819.0324181
800.0667725,821.6254352
149.7591764,801.8987454
697.3748624,823.7760808
465.6977995,780.1222924
130.8900064,783.5808894
621.8748061,762.8304175
10.52211717,809.885104
598.8089557,768.2679873
609.6377308,745.8316845
33.53284001,761.5011991
123.8356924,819.5191421
41.56710569,825.6909902
310.5468194,767.7910004
771.1281852,803.6521432
98.81568042,749.5758032
530.6921876,789.9610828
606.2555352,812.5125626
772.2904954,745.2012859
635.0665683,745.9320246
146.1056289,741.3483949
49.7064047,806.098475
299.1132551,747.3563451
871.8348902,749.5232268
346.0186938,748.4625681
4.056060011,796.8385913
887.0584849,773.6564512
34.02748271,786.1838582
657.1996435,740.7652768
889.1168667,802.0304051
649.9675602,825.0299484
170.1092004,787.372503
228.8178109,749.5174839
192.1488703,797.0271235
516.823574,826.2040886
671.3291248,811.7094887
556.0143301,820.1347616
667.1166094,778.6589115
151.9772931,776.8694032
420.3569316,747.1311984
582.4385118,746.58911
910.3819804,764.6128082
230.9150749,805.5844124
851.6101075,782.1978656
573.8498548,770.3259522
560.1472967,784.5132216
24.34075786,819.447168
231.0709399,825.2389414
910.3819804,788.2685124
246.4409299,785.8367047
215.1263679,787.306269
706.7978022,758.9327517
618.0391266,787.985208
11.42982298,786.1065555
206.1994821,767.0164644
404.1968042,826.9516885
640.1702478,776.1506738
626.4824436,820.8475335
38.79590626,740.943941
73.50761343,747.5165029
306.1742814,786.2860213
56.15585245,753.0774894
159.9731691,823.9495101
899.2781791,751.8322986
676.4881388,751.4762884
195.3541686,778.215326
342.0047669,768.411747
111.4329981,793.2148822
909.0598968,810.8652124
229.8583714,770.0480324
6.585969577,752.4204781
358.6030934,736.9940836
206.0474291,747.1089274
843.9328669,747.6962967
58.18491382,778.4147465
448.8986823,743.629862
173.0096881,808.8089309
766.1996793,826.2682937
323.3323868,753.5121328
451.0149335,765.726141
894.4419981,823.418018
264.684241,769.9709544
324.6274042,777.5212714
127.4111557,756.4924843
463.7765595,757.0722873
125.3793052,797.4254845
194.4709428,735.9714677
161.1877462,734.7882007
11.42397093,765.0937061
271.4847003,746.5167164
81.10250264,763.5677234
644.7829654,868.7982518
173.89757,845.0873547
754.01968,869.9141438
196.0734597,868.7041582
758.8062357,922.2637383
216.1935616,894.4891856
587.1769501,940.816976
910.3819804,846.8289993
513.4797348,934.6475336
7.891511713,866.2834034
211.2978832,841.549061
712.1204325,854.7600446
399.8842063,901.6429305
98.03439957,926.4429674
108.7093648,871.5662857
83.22408673,869.6362936
804.4608858,944.8390978
342.9037299,895.9356972
642.4526977,892.1587719
24.69721673,875.5976988
253.8459265,954.9893063
166.9585974,920.0657521
463.592217,880.36907
234.834591,938.6801856
300.4827931,895.2686285
350.2323713,865.6357862
186.1464141,901.8779404
198.8321575,953.397468
683.6022717,937.0228013
435.7115362,944.7624791
23.54148934,838.9918777
113.5842067,954.4544349
361.6712237,841.7907454
802.035008,891.0479689
907.5532272,896.7417194
577.7585548,864.3534783
907.9088699,870.2321542
55.90042487,914.7100444
410.491358,947.9557077
638.5008845,947.4300548
882.6643496,869.5935855
284.6203171,921.9817146
384.6023464,887.3426184
614.442352,886.4826294
476.563644,931.901887
191.6596723,834.7882007
459.9586092,955.0709617
426.8705876,898.8584684
581.698404,847.2591036
101.5930312,845.356468
515.1961694,892.9217007
619.676698,869.3064273
867.285043,907.5910682
718.5252688,905.604385
337.6510641,952.8873682
91.42966638,954.6966812
7.374563618,956.2399455
514.0951441,862.3553269
149.5585789,903.8635457
68.99654475,957.4583885
250.8394005,920.3351514
112.9204211,899.2925629
298.442775,949.4789393
326.0570938,871.9339354
78.66466024,849.7793088
126.5514044,936.7504171
671.9497192,851.1310361
609.89138,844.4445657
454.7974155,915.7115041
694.2687668,883.8600135
269.3872297,950.3844054
303.1651127,857.4445234
208.0194169,927.1870668
817.148105,851.9584806
375.8754982,929.5437241
330.1690994,844.2252636
184.8856324,925.9726805
161.7439067,873.4548792
556.7899778,857.7141831
493.0573239,872.872298
642.8505856,930.6767424
416.2996516,927.0996819
253.0244014,879.4065661
888.1589077,941.958112
21.24254137,942.6382371
570.9910576,885.400735
142.1821257,953.3715644
908.766509,922.4355638
483.9515459,954.8302581
268.7507346,843.7575334
568.7153552,925.0743222
596.5034502,870.5792784
663.6747379,882.2869002
830.3489936,867.9267598
5.788200698,927.1237377
43.27151322,947.1885281
412.4131214,842.1138821
148.7480397,930.0792496
2.724345596,876.0269411
130.9582053,887.1267927
21.04590418,919.4037058
620.1332914,914.9710139
378.3982115,959.1378272
231.2725517,913.6998037
171.3922833,945.5468703
134.6643411,866.7080033
87.56516892,893.946761
486.6767168,846.9247921
7.638921213,905.165532
6.951854708,848.5148219
26.13598137,896.8996438
381.6994047,835.8027621
615.9511122,946.9409396
547.1641965,909.2064536
673.8433893,903.6015648
248.3621979,839.0554389
176.7804965,832.6711289
281.8765182,860.8674471
852.5696632,859.1798827
448.0578388,851.0501988
532.1263679,844.3413564
9.618019576,885.0957793
721.6676186,942.238194
456.8552786,938.9230301
43.93146862,881.1274236
792.013639,854.3813285
217.8743838,949.9642536
777.0713051,840.9777763
62.12502774,861.4363235
637.9124717,847.343901
462.9795376,845.077972
270.6080988,911.0549615
366.8672255,895.4994894
910.1928251,945.4306108
427.8127634,846.5140631
386.6086656,849.0744444
552.4665033,943.0743915
546.8012731,882.0806792
434.2355388,923.2192629
580.0908542,910.3096329
863.7490196,950.3652614
66.51101281,882.2954801
127.6877002,915.216796
408.9067203,867.2566008
268.6509085,933.1990251
326.540136,923.9495151
40.53276158,854.9365606
534.6733128,868.8813388
6.153738201,940.5959433
19.2923658,859.0322569
59.93943981,952.3524961
73.54639304,944.0731684
58.23891998,840.8697106
887.9014187,844.9882121
222.7267089,864.6946338
487.4189862,907.8647614
234.8956974,957.4231309
771.8051761,894.6901693
146.2832506,843.8998852
435.8372199,866.6192612
374.1948401,865.5890232
92.96339704,858.1216552
251.5695481,939.7315594
828.2467439,918.0474392
169.5421968,895.8690113
363.6254666,881.0475309
121.9739813,848.1126286
596.6082658,895.0631184
233.3666429,848.8519368
562.6768172,1066.613082
903.7117481,975.2882519
329.2151286,1075.238941
27.48590374,1074.454435
94.53769097,1061.933506
684.0785318,1061.271968
601.6160266,1018.328719
664.2016396,1021.200555
734.7579804,1062.461432
492.6635232,980.2579583
456.4295506,1053.208105
177.080067,1056.008037
695.0114429,999.3984205
239.5854513,1074.104627
130.5242931,1065.026399
53.07085984,992.8904372
543.8721025,993.4204728
643.9752233,1049.181199
655.0577492,1068.006852
904.7747364,1026.539203
784.2239372,994.6723743
391.1568769,1004.145157
337.9147452,986.9498251
620.0461825,1050.013243
182.2791204,973.5982868
146.5294561,976.9203315
500.1919386,1062.777477
260.8769402,987.5404787
632.1087715,1072.58305
62.12197307,1066.177616
7.581982218,1027.617249
732.7029348,1005.981725
822.0968512,1031.574009
6.951854708,1042.413943
502.3247589,1003.063157
297.8294226,1040.923751
616.3802985,980.6717084
4.924946767,1054.699844
308.2125657,980.7902154
345.8637609,1036.577149
323.8195563,1018.241836
728.3547844,971.0911301
206.5198739,1035.863677
117.0321165,1034.224274
567.4093564,1009.382455
419.0950869,983.6158959
75.92968485,1019.029067
383.3106676,984.9219909
124.2619163,977.5067368
629.7138431,1008.146946
45.45301683,1028.047242
266.1466262,1060.919352
402.3677259,1034.035306
363.9534355,971.7907454
100.3165445,1016.802046
118.9333256,1002.330282
393.7450059,1060.3432
670.613948,977.2069272
702.9094429,971.7907454
7.374563618,1069.08893
356.7227127,1061.388955
246.9159975,1009.118092
270.4905592,965.4898846
406.2587444,1016.673329
492.9478239,1028.018823
16.97616074,1056.99905
22.02045626,971.7907454
521.9370918,974.2252636
211.9815435,1000.836604
533.3743031,1031.130094
759.108614,1028.664363
858.2361698,1067.110778
701.9597264,1030.622087
589.5858594,968.3251855
261.9895406,1041.571688
68.0742348,1044.864294
163.1798371,1007.177119
269.3025648,1022.294719
374.3555531,1028.257646
644.5098106,993.2651041
306.5493517,997.5919522
48.08929889,1071.688514
321.2038341,969.322186
876.8563788,972.7745379
277.1763534,1043.516154
40.13741436,1053.794738
18.31394795,994.4053934
3.911213939,997.1650868
237.0244291,1039.958797
215.2436222,1065.239316
630.730767,1030.030725
479.5746684,1003.918104
753.569562,970.1818071
424.2068284,1072.169987
295.2982195,1013.831724
784.8155604,1039.484156
8.809370102,1011.358521
815.2207339,1071.091807
893.5494244,999.0644506
586.6607896,989.8453432
588.0186706,1069.252262
220.3225231,967.5918227
533.9124197,1069.546766
98.34946368,976.1792777
280.7981703,1000.82929
642.3562846,968.6180196
470.6690797,1025.676374
867.3473568,1022.445461
141.8716076,1036.368564
425.1930993,1031.9978
597.5268402,1050.053091
92.2177817,1035.200021
281.7976041,975.7878848
520.1025695,998.5251381
201.4964065,971.8345486
417.7021907,1051.814235
308.4362889,1067.102326
355.4438595,1005.758185
22.59190851,1037.891302
477.2312966,1076.316553
5.788200698,971.3642576
5.026426566,983.5847395
573.3232817,1038.903691
326.1905072,1049.971236
839.3151483,985.1802832
86.38380819,999.3068204
348.3246484,1021.471538
460.221532,981.7917537
237.9460599,975.8678308
608.9280036,1068.435588
780.9972906,1071.805933
389.1808744,966.901585
41.4811263,964.7882007
292.8428551,988.5662291
76.96013306,972.8081458
161.4345359,967.3876497
55.60048778,965.2913273
449.8783715,1012.934344
888.6566458,1043.744968
288.5506192,1069.048259
373.5908199,1001.117431
26.5185118,1015.176822
905.9306675,1062.641527
132.3981995,1018.800451
74.4936565,1073.900149
563.1985599,974.0022749
360.7597585,989.5783981
916.2699388,1006.976869
914.4899903,995.6332486
193.2881782,1155.991452
248.0820109,1144.214722
59.03010615,1098.921825
354.161016,1175.539566
703.1942565,1185.45783
384.6929582,1103.464421
523.8321536,1143.613013
700.6084063,1089.522117
463.1828718,1083.924947
456.614463,1181.960515
545.6050264,1187.343914
441.8404091,1139.291951
671.327269,1181.211028
274.2887603,1085.802762
553.7018868,1164.284671
153.4727157,1097.652175
369.0858841,1088.61802
294.9474994,1186.25945
895.9207976,1188.345412
806.2701055,1186.763495
5.383875961,1166.626811
120.4063539,1174.795441
351.5794087,1193.037527
804.8603142,1101.851885
108.9528593,1088.424073
319.2630484,1131.479754
298.8243429,1102.959016
356.0137253,1123.46144
247.9020997,1192.120197
85.25306436,1180.646971
224.4177582,1113.305491
55.65466257,1191.43311
581.5342435,1184.421811
8.133779204,1152.114469
843.4677659,1121.63149
706.8019926,1150.888259
186.1343431,1191.680539
548.053044,1100.146488
717.3523692,1096.774753
334.7017945,1147.186942
629.4797237,1097.190045
484.2557011,1156.589028
141.3655866,1150.04753
408.3588535,1176.216025
405.6136,1086.237423
649.8824502,1101.761814
907.9088699,1137.210001
106.6655422,1148.024104
609.0264047,1122.366645
722.9416683,1119.585945
647.8560586,1145.374025
579.2035519,1115.568293
599.9909322,1155.188598
261.5157769,1116.709781
281.9800508,1139.593967
258.2649808,1085.489885
87.51646405,1088.61802
224.9912136,1140.328198
10.52211717,1089.522117
616.0641744,1177.303571
580.448202,1091.790745
776.1277091,1175.538017
37.99811875,1124.689631
821.8851354,1162.162681
645.2053433,1086.683087
4.875084981,1105.485681
907.2092546,1164.254666
672.4866634,1149.635637
199.8165252,1091.09113
486.2330507,1188.276094
267.619206,1094.114236
638.9491343,1119.958257
330.5571111,1098.911394
8.5918227,1120.043698
870.7949637,1098.494611
905.9306675,1093.069332
497.1263192,1095.486313
519.8083476,1088.672352
272.9781327,1189.565939
48.75165539,1155.905918
431.923062,1101.313699
699.213872,1112.751664
83.25946555,1126.834531
860.1059708,1172.09822
661.0865803,1088.61802
227.6381354,1187.616505
252.0440723,1173.395955
177.9466322,1093.316955
57.42743842,1181.486569
400.9819048,1130.09856
492.7277135,1122.821357
58.11380027,1129.440203
165.5166673,1125.959821
913.5753203,1114.302509
798.9123495,1137.451236
282.3980585,1170.755269
641.638426,1167.819632
557.3592692,1135.250808
146.5605927,1119.662196
761.3969306,1097.190868
467.1614544,1104.500304
622.8118115,1148.056823
310.8688074,1160.996342
249.2983658,1095.245404
324.7442803,1112.469486
174.4726116,1189.638228
439.2748728,1187.284934
739.7391666,1178.478689
117.9629442,1114.464982
347.5518167,1088.807175
607.1935561,1091.548688
668.997776,1121.866146
888.3466702,1118.80617
575.6650922,1155.39661
267.0296037,1157.449824
5.27510226,1190.492731
6.489884627,1136.301109
90.67995435,1103.757933
754.3954278,1138.286977
147.4478037,1186.567498
717.1220207,1191.826293
188.2822123,1112.224165
517.9539547,1183.032224
779.896513,1114.3971
31.76059042,1185.970064
517.3704014,1112.518718
639.3510282,1187.780382
737.6145878,1103.053422
73.42205095,1151.389803
584.5904758,1136.844947
390.0180413,1085.489885
682.1172646,1096.533792
318.3736837,1189.104627
783.6699429,1095.57542
21.15156251,1141.807338
24.73422565,1103.390977
405.0758276,1099.111587
216.1821839,1082.984931
888.9650683,1148.796527
256.8175428,1191.786884
534.6382554,1163.519485
449.0545397,1086.374564
108.8043478,1167.022034
201.9018599,1190.989891
129.2115314,1089.350698
231.8665988,1161.901159
378.1781135,1150.287464
9.459759654,1179.994851
244.3324932,1124.627653
799.6811582,1165.880953
4.380571956,1179.739324
18.35640957,1163.444874
89.78771278,1149.782459
248.7231319,1209.238589
682.767922,1265.958529
648.9375934,1238.185123
839.7076549,1261.627296
688.9563937,1316.316553
651.7568024,1288.285627
309.5424339,1265.162829
424.5759764,1244.237822
696.5828718,1206.09113
15.62934242,1301.085124
454.9200966,1244.710356
358.3951257,1249.641255
649.346791,1204.682624
485.5550071,1316.204089
380.261527,1219.340331
477.2144774,1270.359497
494.9733576,1299.517706
332.0596451,1311.396536
423.5485175,1303.593911
468.363653,1316.549807
470.3052235,1205.339484
394.6595844,1303.907748
232.9375233,1230.952748
717.3220151,1297.425662
554.6834426,1210.791207
161.7582546,1280.886985
265.0817224,1283.698468
523.8397853,1213.486444
87.66626407,1276.33254
54.1689568,1210.849135
17.43373136,1276.03779
277.695131,1253.666921
907.4835362,1309.798664
644.3370958,1315.69099
524.2922436,1275.564338
534.8783536,1311.374919
166.1757849,1314.408061
452.1611541,1218.556136
166.7967534,1227.408972
15.80399282,1250.961453
596.6957005,1247.427034
39.89022961,1314.104627
330.7757872,1226.758481
906.5521615,1217.06388
889.6744674,1294.936685
208.7902181,1262.443768
415.7212139,1215.113769
231.0412138,1303.905015
824.700805,1204.522117
333.8789514,1254.48156
292.1777352,1228.755779
508.6146345,1265.54936
619.0419254,1210.883779
257.7755786,1314.104627
13.99253238,1232.864981
272.5384497,1210.483089
792.7623899,1255.287811
664.1564157,1314.374674
909.4778828,1279.541843
735.1216087,1235.277689
582.8469884,1282.908494
116.5696528,1216.935164
15.60164705,1200.802762
838.829859,1226.479848
89.20935382,1248.94567
517.2726816,1297.118504
36.51423251,1259.441288
850.356252,1204.605166
520.6711322,1254.078918
404.4000297,1277.716232
876.9406458,1266.328742
811.8010229,1302.777492
77.70842502,1217.214137
114.8640115,1294.00592
265.6229595,1229.992243
303.5306292,1206.272348
70.04688332,1298.653959
496.2491491,1213.008775
428.5309858,1278.126459
5.383875961,1202.214302
192.9677386,1307.347866
347.5076752,1277.310207
215.0032044,1214.470216
42.44144264,1201.122471
549.3420648,1260.393742
596.0007889,1314.830258
848.6789932,1307.859248
56.61728281,1236.540037
141.963061,1314.676429
557.4455663,1303.840483
861.4136642,1288.522656
617.7499026,1237.958344
571.4442534,1237.118613
441.7319573,1265.807765
365.1877595,1306.555192
7.494436251,1317.098619
30.89474066,1213.891675
249.0049127,1251.279962
238.9662253,1279.923618
129.8015066,1255.872645
764.108191,1292.377735
872.5287185,1315.029948
912.7904351,1201.209565
508.2215453,1236.785545
514.4693917,1313.180413
422.644374,1263.514756
431.0735599,1290.912789
287.0007264,1201.374564
4.256273147,1296.89398
8.5918227,1217.474597
485.1926356,1241.149694
784.3877676,1212.206927
903.7117481,1251.311087
94.31427223,1315.69099
6.153738201,1242.39018
298.865136,1301.011232
472.491601,1300.97073
679.3361951,1298.48439
872.6840801,1229.190391
401.1056235,1247.504529
619.1898194,1301.816924
544.7477197,1288.835012
502.5412208,1254.257118
58.95679103,1317.098619
534.9012749,1233.094454
500.3789336,1316.79086
572.7103997,1258.771797
622.3382988,1267.394487
814.4087988,1225.774344
914.1359539,1232.642008
573.572201,1314.989306
62.61306749,1268.385026
7.891511713,1260.818477
5.591667024,1288.225046
915.619428,1293.640658
450.3468125,1313.977118
40.07769518,1286.255451
381.5320528,1259.305701
433.235725,1224.668088
173.9744596,1258.065841
410.3411673,1232.36428
5.383875961,1275.255739
502.3833675,1281.294986
683.8070395,1230.156103
471.8986439,1224.556391
31.04705786,1237.924211
449.665102,1287.00552
588.831735,1216.738093
704.2188629,1267.651033
335.7295556,1199.268695
215.6607452,1288.969702
378.6404043,1284.031123
78.83484135,1316.43311
106.9233492,1266.301281
263.6857457,1200.076633
241.0473033,1317.808062
194.1211326,1209.785776
435.1788175,1204.349095
308.1846876,1217.344443
5.788200698,1309.076562
125.2287938,1199.788201
3.490309371,1229.785676
108.1822873,1316.951688
65.93939938,1201.608396
560.7180883,1438.776081
634.9653828,1392.012245
492.4947344,1335.315734
633.2994185,1430.614294
323.9220996,1368.322897
900.405735,1360.921714
808.8926365,1403.990815
729.5445365,1437.998863
451.6433142,1341.677974
785.9893057,1337.873081
180.875763,1376.279861
597.9685708,1384.846796
122.6845713,1324.591667
744.1763786,1345.180283
825.7429179,1358.384791
894.407632,1332.38383
853.9662232,1328.888111
411.4365303,1329.522117
674.0052529,1392.371114
313.5614943,1399.463682
490.9216586,1412.509512
621.0077859,1340.107476
806.8314432,1435.910214
540.8562557,1403.864261
478.2838569,1371.211739
519.1378335,1333.812464
396.6906656,1352.697754
8.5918227,1407.852796
419.0379649,1372.61174
102.9444698,1359.720235
39.80198544,1371.31555
263.7773975,1361.250482
427.7540256,1429.121802
870.8228801,1349.178817
551.6173203,1332.574518
870.2123858,1395.843407
305.6662788,1328.61802
775.4987592,1379.419228
206.8718975,1422.83578
792.5445102,1360.32282
293.1843995,1360.247896
700.7903681,1355.446806
441.1373131,1388.674639
232.9451352,1403.068266
362.9218174,1415.853291
425.7154613,1347.778127
463.2008589,1409.952756
206.6193094,1440.989891
729.4295306,1396.69283
221.2110995,1441.680539
210.0253728,1345.585552
838.7584945,1434.946262
34.6807216,1340.969988
515.485509,1365.818422
64.93728278,1347.985428
432.8995364,1327.013857
535.451574,1351.985568
286.3664611,1388.156564
68.41906131,1376.879008
298.655491,1432.831793
216.4650414,1378.80043
137.3964564,1439.454435
641.0515571,1369.910897
3.671128891,1417.68988
710.3970449,1328.14761
451.5769272,1437.847418
395.1661759,1325.4574
338.4972354,1350.492732
354.9671742,1329.038032
489.4125481,1435.796986
317.0517412,1441.680539
262.0443864,1382.755326
437.7630101,1414.080882
398.7985367,1434.522486
248.3873623,1435.987042
838.2115985,1326.292702
562.2641969,1361.179196
376.7304041,1330.805413
342.646975,1332.951482
112.7500421,1424.649513
588.3131589,1429.309438
912.1084883,1373.907303
513.517433,1394.010468
442.9712145,1366.091954
418.1336343,1441.554244
352.3488043,1374.699999
79.43616615,1430.261514
523.463108,1431.949576
540.6934011,1378.834906
115.4375332,1394.427144
50.83900482,1435.93639
26.11192308,1437.075011
21.40941103,1392.926951
8.133779204,1425.698289
318.4343916,1338.496728
6.153738201,1350.369452
143.5466136,1382.07377
51.49068641,1404.115266
21.42190096,1326.096623
4.056060011,1329.683761
385.478446,1380.388555
133.0805612,1357.996755
327.746522,1426.988625
888.2659672,1437.616505
245.9624223,1352.887665
282.8314955,1331.09113
189.9664451,1441.095315
7.891511713,1376.766644
770.4285125,1432.00929
10.91203755,1337.777354
359.378829,1347.26744
7.374563618,1441.812718
150.371098,1322.834602
4.380571956,1362.24633
373.13287,1362.924846
473.0959166,1332.484671
409.9906936,1403.228426
403.8984737,1379.256078
167.0853885,1417.76743
906.0523887,1417.611943
584.278422,1341.800565
157.004596,1344.888616
17.0250076,1357.901406
202.2245679,1396.382049
336.6155829,1440.787963
341.6016256,1391.204157
134.0341491,1408.55674
663.9026632,1344.165875
24.22783249,1416.479061
276.1654316,1412.667185
21.51179812,1375.789196
264.4582172,1341.75105
181.2270553,1350.769643
66.13310358,1443.177768
910.5759268,1338.968168
181.521023,1331.444376
49.91444433,1331.472571
908.5054461,1389.403692
471.216484,1431.077067
136.1054253,1421.559958
318.8609077,1354.508765
276.6474605,1437.927501
127.2649655,1352.523103
230.3330639,1326.777889
127.8517735,1336.771811
226.3297622,1425.927839
54.13016351,1443.664436
235.1400852,1373.608666
563.8241623,1411.962021
5.383875961,1388.369843
86.87373207,1398.510192
5.788200698,1400.611521
238.2857107,1337.676965
377.2378944,1348.403063
864.1153221,1430.641992
771.2555889,1326.153401
357.1412738,1501.881013
671.0560811,1455.494554
391.1357937,1526.634608
710.8623894,1539.213621
26.97051767,1504.947232
287.6838677,1449.788201
535.9551315,1525.560139
9.618019576,1545.415872
910.5759268,1477.234207
229.1604389,1476.980001
256.4531581,1514.611053
8.5918227,1485.891118
570.5143755,1547.634429
566.1582825,1467.665217
705.2200236,1479.608842
450.5147959,1566.276632
218.9288864,1569.989306
403.8682628,1461.37547
800.6210502,1476.50161
541.5028713,1486.147965
390.6539728,1570.69099
312.9251927,1466.554944
491.8611437,1484.60575
90.71142303,1461.269005
515.061648,1480.632463
614.6927949,1562.409858
61.44587594,1474.579079
896.0362503,1467.726044
803.7399564,1531.52674
756.1188013,1509.890429
446.2143105,1520.690297
830.7347974,1564.199946
660.9419228,1514.494534
165.6783941,1518.201983
321.4663089,1521.591848
14.0693325,1568.465334
600.7756493,1518.553909
207.3670568,1526.270626
494.2276872,1518.365901
333.7362215,1482.926701
872.6935168,1554.423774
38.61426983,1487.338872
905.9306675,1568.465334
553.9233098,1570.69099
163.3853178,1464.720586
870.2871753,1464.736991
750.4428558,1467.692947
371.4346375,1474.007586
890.4533983,1522.635981
435.1910981,1471.339132
41.36025949,1524.16102
553.554123,1503.874441
365.8262509,1560.077762
291.436113,1522.480592
761.5041929,1562.409858
473.9981119,1502.213338
37.98013627,1459.250985
345.993495,1532.284042
851.4929673,1511.343962
284.9020146,1554.665582
147.400069,1505.993508
474.4491614,1460.889765
89.98107175,1520.671844
185.0322913,1494.619588
840.349026,1471.955951
330.2574792,1502.543752
60.12475653,1452.696083
5.788200698,1472.343655
245.9220147,1553.427751
568.3407184,1518.247604
251.5267951,1458.319676
639.4601498,1475.729119
67.34264642,1546.595143
479.6966624,1559.54383
350.1491883,1475.107662
109.2843659,1564.50432
664.4746423,1476.611189
626.6073596,1498.234301
130.8941968,1569.892234
285.865048,1488.654141
155.6247071,1552.842516
291.3431154,1461.47895
336.2459924,1562.900402
388.9360602,1491.595224
8.086092024,1503.496304
115.3110198,1453.224952
518.3327048,1499.35052
77.29374054,1565.306231
505.2128027,1462.48716
602.2737264,1474.133026
907.4835362,1499.820558
909.3082874,1454.691713
119.7738477,1523.970037
87.94291893,1495.154489
509.2415233,1545.160026
544.3425835,1458.291203
123.379599,1478.409134
193.7188502,1475.465716
270.7146602,1459.462955
203.8154899,1461.437682
798.6037714,1566.397427
60.96913935,1571.371506
164.8526488,1496.224142
183.1498108,1547.628559
52.76007116,1501.989716
5.591667024,1518.447352
910.9797811,1529.252969
413.8957636,1499.421991
571.824388,1493.202353
384.9104731,1453.809954
366.0056764,1453.224952
642.1572456,1543.815166
306.5987912,1505.847644
396.2747159,1475.896536
41.69862585,1554.809226
18.35439776,1527.424438
581.6234243,1451.891512
448.5697173,1552.848326
4.380571956,1531.956838
190.3054583,1457.395612
389.3859189,1468.261008
529.2322705,1564.164609
23.00231264,1491.800658
307.9833888,1540.603863
267.4481862,1537.725165
71.79072083,1451.404727
179.4660795,1479.010248
420.2644644,1562.795147
192.2288364,1567.355874
884.1937821,1488.947103
14.27931082,1457.753677
915.6807593,1514.025155
179.4069798,1510.439707
315.4795364,1492.141373
666.2886444,1564.032418
128.2065896,1549.877301
525.9786511,1465.361437
176.0612402,1533.208446
348.3752296,1457.927456
903.4178284,1545.295186
311.7270413,1562.194923
102.7912097,1449.162638
465.8446434,1488.009519
507.1032891,1569.488513
148.9668663,1489.658336
407.2493819,1480.05849
88.02183857,1541.053454
66.76415538,1524.948916
326.8248733,1544.17904
204.0375631,1495.352135
390.6561958,1556.266974
4.666472719,1457.986737
333.5428352,1466.288636
199.3771819,1486.426733
24.58898569,1476.723584
279.9259565,1585.021387
336.3419904,1695.238941
585.4075799,1593.845051
500.6959507,1617.159934
493.6929348,1692.887368
790.9132872,1673.777584
280.2912164,1683.343372
821.1764573,1634.699616
283.5818707,1643.080801
256.7303948,1579.904758
64.26581602,1592.873705
692.272425,1579.383876
524.8526205,1614.226222
310.5701569,1693.776081
661.6056923,1678.66122
314.5078622,1664.602113
93.70100498,1678.011074
7.374563618,1627.795802
246.2056447,1579.788201
126.339775,1692.887368
216.5784364,1694.155586
35.58145024,1619.040496
128.9408377,1657.59152
470.0020076,1666.119843
103.5962405,1652.272528
359.471902,1619.590891
162.4881711,1609.684065
6.304872881,1650.60378
89.86843734,1583.924697
160.5503979,1658.356885
531.5413449,1672.000807
491.2847273,1643.792832
475.4220128,1597.663705
876.9911579,1669.81946
75.73243142,1663.966491
100.1414634,1619.098517
433.5610386,1696.480985
207.8382519,1608.082672
353.3989626,1668.061858
726.6115904,1692.325506
371.6467499,1695.504061
658.4840173,1656.870592
335.0828546,1594.915155
198.5904664,1645.267043
693.5026039,1695.320808
173.4587491,1671.976223
313.1321628,1636.120014
610.3782609,1614.089526
325.5689469,1619.097745
173.8081485,1632.697269
256.2419053,1677.675895
551.6160423,1599.940649
855.0510316,1598.289871
619.984697,1657.521246
905.9306675,1689.61894
654.3596063,1614.845133
402.6465176,1605.99612
198.3254632,1676.732466
691.5581922,1646.817627
447.5872403,1609.328635
576.6107191,1633.387258
889.4275928,1587.513492
413.2448978,1669.167484
374.8577354,1590.535167
315.9621714,1603.060622
774.9627645,1614.21032
171.5007063,1578.05606
518.4039545,1644.155656
333.2591312,1641.010569
151.6347366,1697.808062
20.95326552,1696.204089
542.6835065,1629.63456
292.20655,1606.266434
130.8053716,1600.892026
572.9177074,1681.481878
143.3895869,1622.371857
741.7382705,1654.964184
149.433113,1600.778718
16.72344629,1642.129438
517.9128705,1581.35866
388.9556288,1680.256164
468.6056119,1695.497467
175.4420414,1593.152487
65.14287928,1643.933385
877.5911301,1631.549791
905.2017256,1643.702092
13.47931524,1663.422547
170.6265828,1692.509911
306.0223717,1621.403736
391.184658,1646.95703
303.6596014,1584.522117
226.5147896,1695.683358
251.5777203,1695.325453
236.2268345,1650.39357
8.5918227,1610.065291
35.70916428,1655.910933
903.2102199,1610.759434
449.5200956,1585.494554
470.2996838,1629.283538
145.7657212,1690.46749
438.9593738,1680.724639
126.5533794,1580.960375
30.29063803,1677.958744
355.0194807,1588.136591
720.0983288,1603.039291
142.1141071,1583.61802
127.3170189,1636.504645
834.843122,1678.238089
89.53171105,1651.559643
434.0126028,1643.096491
755.5711454,1692.563598
501.3938171,1587.905638
660.3338487,1696.095315
4.924946767,1673.282928
224.1365349,1683.183666
519.7115007,1695.887524
152.9034489,1676.700436
707.9792455,1677.368196
342.966201,1579.788201
854.7022466,1640.791227
320.4885944,1583.061558
15.8941175,1681.738783
16.32181772,1593.56807
240.7750705,1681.527858
912.1084883,1668.233261
914.0248703,1590.114451
255.7877383,1607.277536
812.5911445,1592.009999
524.5180867,1594.326695
116.7063324,1588.838211
205.2427915,1697.255058
6.153738201,1588.936902
65.06288722,1617.76706
412.5552489,1693.84027
161.2020547,1579.873839
502.9059951,1666.84959
5.383875961,1639.295803
150.931079,1642.774059
353.6917104,1697.423131
233.6343132,1585.425882
43.36952418,1693.877576
329.6110804,1577.671129
390.1210744,1697.6059
102.000265,1588.551782
268.1590176,1579.383876
36.56232033,1585.339484
682.2385976,1677.513599
2.411532101,1647.585705
430.5260665,1595.262783
292.1439286,1696.951688
61.27677404,1673.201462
548.0623404,1651.279278
641.4973232,1688.946401
3.671128891,1655.474262
69.67492056,1695.458673
176.0508957,1610.292296
6.489884627,1687.162257
180.2355901,1656.743445
541.1973046,1695.504061
328.7741539,1681.609371
6.549946228,1697.337476
157.653055,1591.831307
3.671128891,1664.159033
237.0518163,1692.007159
3.490309371,1620.164111
850.1223342,1656.329909
845.6018433,1743.794447
446.7367771,1777.924433
506.7656186,1738.883358
99.06244156,1787.450723
589.4700657,1718.387572
169.8380816,1771.786875
118.2735412,1744.48873
35.04993822,1717.022601
220.0210822,1706.673
517.8110011,1806.367567
352.9343476,1803.941526
641.7430361,1714.766166
605.3476005,1705.153738
900.9141475,1764.001759
679.5446261,1726.117182
826.6041676,1814.989306
5.788200698,1760.36802
245.2084256,1752.515264
43.80455894,1805.337088
777.2759095,1717.277298
559.4186585,1757.598762
318.1107484,1725.65968
66.21244164,1814.830258
77.01903603,1712.12218
209.4557942,1799.846681
658.5093933,1794.560993
160.9061916,1711.419677
509.5581992,1760.399555
144.2962534,1711.51256
421.1947505,1797.961029
364.3047558,1775.34372
171.0669597,1791.6851
37.87573385,1817.6059
867.2959007,1710.339484
512.1013614,1782.958423
274.644893,1719.56195
886.4764818,1732.575439
878.4535763,1809.008281
184.830191,1783.065061
378.1562693,1718.29874
247.6801476,1817.600936
890.1999378,1708.61802
2.22919091,1801.455766
705.6820292,1808.567471
559.4699018,1808.355064
451.8610372,1711.790745
291.2625121,1792.215002
590.6317678,1792.144591
484.929462,1797.311615
908.6605161,1716.199221
422.8667146,1736.660888
531.5290703,1787.413739
266.0378194,1704.591667
480.6198146,1725.98286
136.332431,1776.758532
20.39180431,1800.421464
454.5517472,1813.465334
80.62143485,1741.806704
197.157901,1769.758929
27.21220889,1742.55509
345.2718585,1716.968521
244.5551495,1725.9155
247.4846528,1794.952721
300.8528257,1765.495715
783.8474825,1742.867857
260.6022211,1750.496052
326.1952073,1809.7793
806.9174902,1729.499998
617.7391097,1756.648289
19.24523145,1781.123782
347.5289826,1744.498582
735.5520009,1747.303081
268.8675392,1765.746922
189.5019111,1706.638921
17.95279065,1711.074852
120.735471,1719.926034
689.8740176,1771.637961
160.4314866,1740.255606
89.2536547,1706.374564
319.3743281,1760.165862
759.5849422,1775.425143
413.9049545,1815.69099
288.1121197,1746.940702
379.2886334,1803.388709
382.4291424,1747.099543
527.7039972,1769.086003
178.9137428,1812.499635
6.802762092,1773.016594
851.9047483,1814.104627
226.5669106,1767.580394
233.0987402,1816.071616
134.495051,1810.384031
185.4674398,1794.648162
836.5259478,1788.06487
781.1588118,1772.629379
824.1514587,1710.945328
134.3370772,1727.651322
756.7567232,1807.716515
510.4368247,1716.643772
67.7147216,1783.502026
107.7359697,1710.11169
106.5833782,1726.134988
37.09596224,1785.623871
524.656228,1744.037432
43.6249957,1760.184735
401.5560855,1776.181215
481.0679351,1761.602231
561.4298226,1718.421855
807.3161601,1758.088388
91.75098216,1776.59198
115.4931315,1798.602177
175.6580191,1715.237935
160.8040791,1788.577282
264.2010959,1812.012897
796.65846,1707.692128
5.27510226,1807.883644
457.7643902,1745.901516
360.6863491,1719.700741
431.7280723,1813.633358
29.58140923,1774.06698
616.8219582,1714.877888
57.92210536,1715.224568
103.4189883,1766.500468
663.0866499,1758.351933
203.6608048,1733.22312
26.99807711,1816.664629
19.15492573,1760.820098
807.7112627,1785.529643
6.489884627,1715.661365
334.9660684,1785.552727
402.5289679,1804.637423
869.244852,1780.661387
94.30460741,1719.621837
233.7021638,1705.648933
534.9470625,1722.158694
501.8647068,1815.428773
353.6269412,1817.835765
343.8841275,1815.738222
46.73577479,1736.633556
294.0296895,1722.365335
709.8515248,1709.522117
262.3400167,1779.147897
367.283261,1730.128243
397.2109013,1712.031571
9.224952228,1744.648638
4.658917429,1799.971202
618.1407084,1809.685023
2.377917458,1794.627017
902.1556834,1796.697239
250.7253327,1769.591434
910.3819804,1815.69099
88.07135319,1806.191739
6.153738201,1787.601194
136.1265563,1751.630316
896.4057136,1816.43311
265.1581253,1735.145756
822.8333475,1769.137139
131.915262,1712.18946
182.1562424,1756.723593
16.74982284,1726.9811
675.8720896,1816.867433
156.4993202,1803.847388
846.6213403,1707.133779
105.6574607,1702.984931
799.5117215,1812.832318
915.4441086,1784.591578
106.0049909,1812.584365
13.60254728,1817.457965
909.443519,1738.373279
914.2117993,1747.836693
4.380571956,1818.130929
87.88638819,1767.250122
90.49134786,1865.778462
729.8868856,1839.250168
810.337117,1936.460146
334.7848327,1904.926468
550.0984374,1869.000522
587.7737953,1908.978818
507.0852671,1829.140474
299.6157017,1867.560564
219.6058311,1913.018577
906.2373236,1943.364723
120.4292867,1904.394353
80.33016894,1888.831543
841.8458849,1897.918219
222.6143494,1830.514239
557.2122645,1904.761855
16.09709609,1900.822826
66.47452283,1866.147905
53.24071802,1830.42777
381.7906062,1870.540065
390.7703949,1833.069332
453.4427425,1956.951688
287.4051744,1827.80937
615.9115054,1937.21745
6.153738201,1919.377139
275.1537746,1939.829872
93.93749213,1828.424073
20.43413328,1917.776788
345.824292,1943.902624
26.17062413,1937.6553
248.5222144,1925.048308
456.9381358,1924.864165
301.2644561,1917.473836
77.2302143,1832.375741
516.5057011,1862.01104
409.5241985,1841.473289
151.3783133,1957.175534
59.77213453,1949.268474
199.1702322,1833.069332
454.731156,1867.437961
889.1809853,1920.380622
546.9450467,1945.256032
881.2002673,1894.287544
360.7511253,1876.553096
907.2092546,1875.549173
529.4753137,1829.858077
424.7900387,1915.727438
486.9600028,1947.409858
409.242153,1954.241768
692.5495037,1847.811048
385.3182813,1956.204089
192.2666919,1937.535942
837.7686386,1849.015338
603.9118364,1846.926542
134.8307116,1955.238941
148.1588541,1878.838686
711.3893706,1948.124178
248.270634,1873.608223
370.7899966,1947.037032
388.1801749,1855.096583
436.1870028,1951.204017
796.8512487,1894.171487
180.1136078,1955.887524
860.0183531,1947.765388
574.09039,1842.012586
460.2117883,1840.108362
364.1929032,1926.831726
119.997716,1865.246332
338.9472796,1836.382333
23.02662932,1835.168623
309.86422,1831.790745
154.4322083,1841.935164
665.6457564,1897.065964
746.8171079,1881.487942
271.0871913,1842.742983
192.3063026,1873.081302
877.8222023,1838.989295
294.1263045,1958.037527
415.6570057,1871.556513
578.347974,1876.158368
623.6030504,1887.757747
150.6672405,1945.954098
302.799103,1898.480292
488.1054908,1828.61802
433.5721099,1837.61925
52.39942405,1893.63398
193.1441328,1904.507531
7.347414666,1831.466139
241.8188351,1943.262078
650.4885957,1843.809278
197.8140821,1956.812718
72.69201184,1918.161548
366.1340062,1851.559876
383.6832008,1899.334503
483.5012333,1887.895861
753.2873778,1941.999197
783.9416634,1921.214584
164.6993715,1913.832955
24.81923166,1881.710714
97.04905015,1847.412995
272.8194592,1824.383876
549.5109691,1845.877515
332.194372,1957.6059
30.45101129,1905.231669
33.57431258,1955.69099
117.1713245,1832.632546
693.9677685,1885.441492
474.3771956,1914.046997
102.4683012,1944.621742
162.6975587,1956.997612
714.4541445,1908.752442
480.801095,1851.138395
727.2500089,1915.121801
576.2197653,1930.086784
677.9735882,1930.457164
229.9460243,1955.887524
910.3819804,1849.770621
391.8344788,1934.481816
4.056060011,1929.157677
78.22432249,1957.6059
100.8597862,1880.404
518.4519337,1908.391311
133.9441332,1932.725366
913.0481453,1895.440172
497.5889785,1841.645102
540.845292,1885.390474
258.42379,1825.802762
63.49124839,1843.569572
242.0875265,1836.292675
21.80503814,1858.255911
3.58323636,1958.708382
773.8485276,1909.056103
788.3289309,1849.468791
6.802762092,1847.17955
440.7123608,1888.423715
362.6227498,1956.43311
8.5918227,1942.869882
278.8184566,1901.74518
812.5915151,1869.398605
43.5675146,1871.232866
214.2624666,1948.697257
170.9441106,1944.402973
43.36206888,1850.146631
43.70214932,1922.372438
456.564531,1902.059935
91.18785365,1904.044071
910.7750478,1916.788016
220.6356016,1849.740088
869.2224888,1869.973181
313.998174,1942.987632
7.374563618,1862.590646
365.4554023,1828.020219
253.3151942,1909.952368
5.788200698,1893.534587
14.96089461,1956.812718
900.6192651,1902.396077
337.6784613,1866.764455
97.92877631,1891.272076
78.93502505,1849.357224
470.1393527,1828.083976
715.3522426,1857.605181
582.5709087,1949.342338
5.788200698,1906.633687
12.31225551,1929.017181
402.0088648,1847.78335
6.951854708,1878.927569
39.24769218,1830.928278
890.3029497,1862.498395
46.6453944,1821.896492
96.36390747,1917.231458
635.9762362,2042.18525
353.0014516,2074.405384
277.4367424,2074.131418
718.8870834,2064.687984
374.5450044,2049.842551
184.5012905,1976.705268
220.6285288,2067.999673
85.6317255,2060.418181
884.6125145,2072.458972
622.9590675,2074.454435
18.77227576,1972.090975
18.29276576,2006.801587
490.6030404,2072.887368
499.771405,1991.542548
373.5085526,1998.682613
156.7827736,2041.537138
382.5506971,2076.063373
375.9957687,1975.126551
441.8867603,2069.93715
543.2597288,2034.504128
854.3706759,2000.089098
481.0431506,2014.848682
352.8431214,2019.375119
244.2251026,2059.116835
585.857904,2068.180076
77.45546757,2005.244237
113.4614171,2068.832248
520.0103065,1970.339484
244.0448719,2034.196024
681.0017607,2020.923008
717.764799,1984.600247
274.0714251,2014.472595
901.1730158,2019.239777
160.8676081,2010.807206
409.10958,2016.855192
454.2180875,1989.459421
912.6254364,1997.821118
103.4247037,2030.368626
517.3182748,2066.304202
465.2750883,2068.261816
90.79784619,1976.705748
406.4171247,1982.68324
775.7083353,2064.517454
9.618019576,2044.561382
549.3692375,2075.411072
392.9051841,1971.937835
359.0506101,1977.692605
270.0956591,1978.353613
319.6344872,1971.615214
32.44355235,1975.833132
594.5373178,2021.539099
5.975129746,1993.894656
240.3607982,2076.812718
791.5753202,1986.188722
202.6399184,1981.444353
536.2317398,1990.995114
315.0794012,2014.671975
752.4588294,2020.31357
31.37312936,2060.631692
39.67467766,2018.047857
848.5427027,2051.842419
307.420956,1986.452023
162.4871233,1980.818954
885.6950703,2046.317685
123.8344742,1993.310517
896.7823616,1979.720586
199.1102074,2034.20446
592.7068706,1985.566812
454.2420596,2037.071205
177.1164936,2065.73104
184.7063522,1997.773239
647.5874056,2074.376276
199.3259442,2067.928647
496.8060625,2041.64729
229.652146,2048.923709
212.0465084,1966.445328
422.3412193,1972.978739
269.1840289,2049.098554
6.489884627,1979.417183
127.268608,2048.63592
829.1318899,1970.339484
295.192495,1974.602672
348.3832624,1993.125606
909.4778828,2075.238941
636.1166077,1988.039291
806.3371202,2031.805418
246.0721576,1968.920284
53.47894421,1980.075544
390.3847906,1986.928996
340.9350538,1972.845697
572.1077494,1970.339484
61.96382391,2036.409487
161.4870496,2072.830768
36.98876944,1996.258896
7.374563618,2069.439513
233.9836793,1998.104032
509.5545379,2017.235547
55.40227719,2056.876854
8.5918227,2024.382431
566.4962593,1997.478579
21.75870392,1987.57896
51.44648077,2001.701893
329.1112759,1988.432868
291.4446014,1993.029093
677.1344696,1971.790745
424.2365689,2052.765844
301.4312572,2063.394526
914.2117993,2040.740483
814.22422,2073.465334
334.2251988,2050.005877
25.00011843,2034.77737
906.3837651,2055.114448
322.8053086,2075.256301
128.5213163,2074.861132
665.5024471,2049.008165
135.0889581,2026.57019
293.310289,2037.523473
40.05743662,2038.799333
826.7044906,1989.038014
672.9991203,2067.078636
4.924946767,2010.354228
404.1743752,1968.042206
717.0663175,2021.52205
57.0252432,2074.341826
257.0331191,2073.709778
73.92664364,1979.160847
258.4638099,2062.374982
145.1096759,1971.58358
403.5599424,2070.451436
144.5199077,2067.65528
304.7414528,1963.824356
402.1505034,2049.468236
10.00288384,2151.192159
693.2909223,2097.337532
382.7794237,2088.798577
351.8266904,2118.43376
667.6588953,2095.397558
893.4219885,2100.773705
149.3389184,2187.963137
574.8738791,2122.038109
437.4001361,2146.328132
191.2208056,2085.802762
129.9670825,2192.6059
261.7198257,2092.740636
133.1302156,2110.794954
891.0626737,2180.122178
695.7944902,2183.688445
58.27694668,2104.671758
382.0888801,2191.554244
863.4833055,2110.775535
45.90152623,2121.833146
95.89329566,2122.366797
643.3362476,2127.613323
597.2111393,2188.169773
237.3240391,2191.019095
380.8069033,2174.411639
756.7284408,2112.415462
618.0469406,2155.635723
112.2504738,2097.55632
177.9912628,2087.75953
199.9628524,2154.017001
37.18285289,2094.114242
909.4778828,2164.146168
5.383875961,2094.004081
96.3351097,2093.012795
22.22677514,2190.596413
473.4783709,2174.589121
364.6066879,2095.750951
618.3637333,2103.964448
335.8949761,2095.398217
104.6072202,2189.989306
644.9770993,2168.419225
120.5406401,2126.316203
332.1971496,2122.912803
839.1955097,2090.339484
310.1514577,2132.838536
408.9195433,2125.492152
194.0832463,2093.814027
225.0355763,2111.802169
535.1726171,2184.342348
813.9436555,2124.828542
356.0898234,2149.396189
385.4899808,2138.393438
167.8188599,2192.918681
706.6192951,2133.322915
751.8297385,2172.092745
455.152667,2091.841509
562.0273709,2099.460157
265.011681,2184.638868
466.1263474,2118.728614
588.0758774,2157.987047
438.0455319,2111.513111
91.13225634,2162.648608
155.0754053,2090.339484
174.3945305,2177.532785
427.1912257,2186.551286
227.990957,2146.404429
596.8282054,2101.556975
178.1946788,2117.965436
59.34343571,2147.033888
602.6280672,2129.055826
247.5107087,2193.664436
320.0121578,2175.346216
4.824355839,2193.087822
809.400702,2181.084924
671.3175459,2154.101258
550.6782727,2147.114389
853.1845021,2145.535794
290.8100654,2138.003343
525.674898,2100.486703
293.1859734,2113.48377
204.6764455,2086.374564
910.3819804,2113.613794
402.7575511,2162.096737
220.212596,2190.69099
151.9168681,2128.547057
398.6472845,2096.188444
18.71677454,2122.219571
52.72944757,2182.311243
259.499069,2147.450877
909.8275718,2141.430579
368.4281376,2127.870992
490.6126491,2102.869967
5.383875961,2137.684963
71.62601876,2131.170118
121.6076499,2086.374564
396.5821584,2185.133746
7.374563618,2181.5693
474.707792,2091.786998
499.0733123,2136.368271
427.6904006,2088.991878
317.792815,2113.047855
13.59960929,2100.621888
382.7817116,2113.797081
633.060515,2190.69099
67.07741971,2116.946504
242.9438748,2175.850505
619.8656498,2178.407557
152.3607461,2156.295763
451.1431082,2192.255058
85.86926485,2083.038343
881.7562823,2152.448989
31.54201493,2144.675339
567.1239383,2181.285221
505.1853878,2189.830258
233.6614745,2161.084334
82.59364209,2190.787963
58.01168996,2090.722362
892.2489398,2125.296056
328.1929346,2140.585393
121.9039704,2144.82431
856.3540671,2180.251994
107.255264,2084.162638
5.631815041,2165.735445
75.5003512,2096.947124
22.23288351,2169.418074
197.6487128,2187.521563
510.0349617,2168.160428
287.2878671,2187.308392
308.3494243,2090.432613
4.611758172,2083.611758
661.2425921,2190.413786
787.8194999,2153.286447
14.54183421,2086.638921
4.380571956,2126.845161
174.7654687,2143.810169
284.9747412,2169.43726
416.7556819,2105.805758
912.903377,2095.09771
294.6130636,2154.371212
78.06518144,2140.874499
72.42579278,2083.380572
268.3609337,2115.461214
528.4557314,2129.886445
636.3565799,2094.795975
222.4471172,2173.292759
136.5414782,2084.788201
359.931731,2183.120021
3.56508099,2117.746296
785.8381097,2095.711711
123.8977029,2173.765413
288.0027193,2090.635596
4.224133224,2107.69597
138.4459146,2134.899243
801.0531053,2087.789009
673.630377,2119.035821
615.3882569,2208.100893
575.5455149,2282.946116
551.4033134,2217.510638
35.7909346,2208.699667
34.22833447,2226.833957
356.7190805,2266.80084
91.14641741,2296.007266
123.9355927,2245.262657
27.09713228,2295.567182
702.346437,2298.72235
471.1907078,2255.987398
538.0971254,2255.235824
199.6611468,2214.222513
372.9022733,2300.952544
347.1235143,2298.680702
453.81633,2236.470028
506.7177786,2272.264198
297.3160651,2242.938791
771.7091706,2235.028427
627.3604143,2230.562682
836.3560965,2210.917151
393.8471913,2244.124265
269.018551,2283.704902
17.05170044,2237.431142
744.2684087,2290.094166
478.0639191,2279.169548
906.9417485,2289.232176
26.35371747,2268.085879
425.623769,2254.082176
621.0791727,2257.62655
832.1516009,2298.355064
344.4476304,2220.013556
886.4191639,2304.104627
399.3474752,2202.366895
848.6375741,2250.21759
721.284047,2239.906524
915.0750532,2198.924947
6.223087633,2272.662687
483.309585,2304.830258
488.2192749,2261.66007
223.4816334,2292.332325
160.3591261,2305.694887
798.3688133,2305.989891
862.2139715,2215.578712
425.1330187,2228.68977
495.3335767,2228.652105
863.6591093,2306.812718
7.096623031,2223.85143
909.4778828,2264.839442
213.5086917,2215.224495
253.0051341,2234.657733
83.44358817,2306.812718
7.638921213,2293.36557
42.72068336,2281.532135
405.5431275,2217.51757
781.0240619,2208.400323
101.4139793,2272.267312
121.3039275,2214.014866
88.59708975,2228.917374
54.84837506,2234.150748
408.6213925,2286.342592
71.19326882,2206.692892
769.0273825,2305.238941
502.3800854,2295.674003
124.5540259,2292.653107
92.73196035,2203.892243
318.9531983,2280.16697
163.1744663,2268.713273
207.7747741,2202.806336
661.5974584,2261.12331
172.661882,2220.908504
664.5010046,2304.104627
449.5640777,2294.112907
233.1294044,2258.341815
532.3055207,2296.246869
172.9279437,2305.314208
624.8111366,2297.87287
141.2522796,2300.044559
296.5252031,2204.522117
312.7974709,2212.611047
202.0853686,2269.00364
105.7352971,2300.060754
6.802762092,2249.976586
786.2428952,2272.935458
653.6997839,2218.37713
680.6208476,2215.121382
275.1064442,2211.834559
807.693709,2230.681251
442.8033005,2211.352634
464.2042934,2208.604317
46.15096613,2301.392302
879.7007757,2277.812306
9.923378814,2207.062622
54.38184471,2211.424864
381.3840986,2213.276931
69.64395951,2258.250473
189.9322853,2300.246736
577.374561,2203.988625
255.1155981,2206.034332
16.67027716,2281.46117
896.3116261,2215.107476
191.9523477,2204.443962
68.78678753,2289.640951
589.8925298,2236.123593
11.08254798,2262.046623
16.24776839,2307.777946
21.21782336,2219.918983
180.9125137,2199.788201
294.6117189,2299.746732
146.4777431,2210.572451
34.12005296,2244.106985
525.5895313,2209.068208
325.371632,2305.070962
44.6044785,2261.646932
145.0030818,2231.696837
418.2141365,2208.548271
205.3180303,2240.444108
447.7346038,2264.162248
4.924946767,2236.886244
66.38288747,2219.439064
232.7442952,2210.146013
910.3819804,2243.465541
912.903377,2306.951688
888.1064423,2249.767774
18.88871862,2252.964494
5.788200698,2307.21526
516.4898846,2338.298926
539.5194851,2343.601318
195.145967,2361.43311
558.5697019,2358.58765
794.4065103,2334.558657
146.3524546,2328.085853
525.6643261,2358.405056
885.396502,2337.209067
117.3400648,2319.522117
127.3143953,2362.423131
566.8567857,2315.078354
418.9388161,2356.769257
563.1606553,2335.088452
261.4628951,2354.687181
431.3443749,2328.085853
853.9108634,2332.310582
4.666472719,2363.166764
642.9745285,2346.395631
351.8334818,2337.309309
394.3869401,2324.977821
257.2507738,2324.225264
505.0834664,2321.648445
310.1352068,2330.72778
864.7315196,2344.696424
489.5805542,2349.408665
605.0084806,2336.503761
690.2613461,2335.481188
181.6080639,2324.937486
105.7307358,2336.79228
149.2586586,2363.622637
32.46966581,2321.516464
749.4224203,2335.218479
60.61712378,2323.069332
219.1617993,2343.102787
74.51967308,2354.946262
280.741557,2316.891512
34.84308464,2359.909096
170.3495674,2356.620792
818.8109217,2338.848273
464.3301382,2320.945328
85.46665338,2326.059247
125.2527541,2344.180448
7.181558392,2351.566618
9.224952228,2322.225184
324.4968275,2360.867395
44.53698199,2339.973545
20.61991395,2342.240654
289.7385716,2357.246822
141.7399051,2356.462966
461.1295003,2350.616505
296.6105055,2314.788201
309.2123471,2353.601561
131.9683844,2313.924947
843.9465318,2345.080681
97.70911312,2315.124352
537.3997231,2324.574111
342.6848409,2406.660945
565.3296463,2427.409858
800.1197788,2415.440762
759.3684743,2374.522117
470.4998718,2375.339484
893.8373648,2376.09113
160.9786411,2427.066161
141.049039,2379.309189
123.8901225,2386.101278
9.618019576,2401.152763
844.8579026,2421.132701
640.7839508,2419.198056
362.0702624,2429.499518
343.7118142,2377.194385
21.13837497,2381.592947
394.9761839,2423.097367
367.1672953,2374.349095
764.0163737,2393.174103
896.0409837,2421.395679
96.25597347,2425.821452
190.8841832,2406.864663
388.939392,2389.856476
166.4480206,2397.123352
434.0746053,2395.259661
201.5698829,2386.877482
280.2761014,2390.972658
49.80953857,2385.783801
756.6315813,2427.409858
62.65538371,2425.225664
793.7790963,2383.085853
14.39869948,2424.534245
515.4827029,2426.070842
490.9183151,2396.554728
235.9380502,2409.052149
5.788200698,2384.351882
701.989213,2426.803963
499.6406593,2372.701474
678.7624061,2389.254261
96.90364222,2389.664149
283.6588472,2430.626716
70.71678992,2396.165986
32.39268654,2407.910157
369.1174412,2408.874901
184.8367231,2425.468789
470.7075255,2423.145926
208.9380105,2428.476573
128.3894444,2418.292986
849.5850989,2378.069332
309.4823231,2415.239311
202.941274,2412.084664
597.9513628,2390.180283
825.2003165,2389.73156
911.4081773,2372.591823
729.7128205,2386.935164
305.6843732,2371.374564
874.715506,2390.580497
319.2506832,2388.691828
329.7776064,2431.473045
534.1350117,2390.180283
909.3082874,2389.103821
259.7305927,2432.144925
295.9363135,2487.805886
151.5966456,2460.858704
414.6893975,2500.331317
8.5918227,2504.686534
917.1852446,2519.092622
456.0216038,2498.397553
100.9147603,2468.039291
10.96509503,2491.533508
559.6624742,2468.656713
10.34909458,2450.337831
8.5918227,2471.115973
326.7945406,2464.121196
907.7651358,2512.618164
102.0972591,2508.409283
346.8913855,2451.790745
26.60971954,2502.382572
901.7930728,2464.459102
344.3562496,2492.580226
667.8512358,2456.832508
170.249526,2492.783013
220.8538707,2442.671129
34.54575969,2480.764356
30.6627074,2454.225264
5.788200698,2444.788201
778.9732716,2450.564384
60.63218147,2497.030102
309.2589103,2453.069332
13.8915194,2468.031419
5.591667024,2487.361831
613.3743592,2478.239008
724.0289803,2476.300938
809.8341545,2463.289871
676.0764503,2500.295462
872.8381382,2456.74913
254.9573408,2484.020476
384.8040425,2466.242877
57.50850604,2462.552924
222.2700148,2498.65999
134.8928607,2496.511189
190.8642583,2503.225595
434.8098915,2461.935164
799.5941381,2507.409858
529.0743008,2456.901116
768.6273544,2474.12363
847.0405883,2488.23166
756.1838242,2504.575533
199.104613,2463.615896
240.9248168,2455.288252
890.3699878,2496.36091
525.6020294,2503.028238
564.9396544,2495.763302
484.1811138,2465.180283
270.1383197,2456.812163
349.0329134,2545.180283
13.44783845,2532.447838
610.4412531,2527.591823
461.0100038,2561.892524
405.5821351,2563.914147
890.6777391,2538.085853
291.2451011,2549.350749
135.9550325,2575.625436
844.7652181,2545.180283
286.0637795,2573.38198
16.79120655,2552.230626
199.7637039,2556.819717
230.0247396,2536.860487
370.2922393,2565.722343
61.90194926,2569.552162
11.33948388,2571.660516
13.95203312,2575.108488
437.3318582,2545.180283
246.531015,2527.80937
6.153738201,2525.153738
99.43646359,2571.660516
152.1952254,2564.347825
8.5918227,2537.40777
690.1287993,2551.375969
318.9338172,2532.574798
114.0812137,2552.52603
388.3244947,2538.085853
266.5000623,2569.552162
294.9730691,2573.38198
159.3202365,2545.180283
123.1806974,2571.660516
483.9436593,2542.47024
260.8690253,2529.06458
488.9414667,2570.90887
38.62982963,2571.978613
911.2120728,2537.288147
272.5672461,2527.133779
173.4304866,2573.38198
120.0784152,2529.522117
812.334301,2560.064836
78.60145735,2538.085853
720.0066195,2537.652175
639.2598534,2544.875593
756.4604991,2552.539877
599.7233533,2556.819717
529.9390311,2553.960709
39.40290313,2561.892524
77.60553704,2566.508477
37.93440277,2534.225264
245.6029158,2563.165503
724.6299812,2574.519672
202.1931386,2535.288252
329.3555859,2561.588551
900.9141475,2563.914147
873.1655289,2562.279414
574.5222965,2545.481188
